id,title,body
python,Python,"Python is my go-to for AI, data analysis, and quick scripting. I’ve used it with OpenCV, Flask, and ML frameworks."
java,Java,"I use Java primarily for systems work and backend design — object-oriented precision and strong typing."
cpp,C++,"C++ powers my robotics and performance-critical work. I leverage its low-level control for embedded and real-time systems."
tf,TensorFlow,"TensorFlow helps me design and train deep learning models, especially in image classification and custom object detection."
rts,Real-time Systems,"Real-time systems fascinate me — precision scheduling, low-latency communication, and system guarantees."
com,Communication,"Communication is essential in my projects, and learning to work with people and resources effectively is a key skill I've studied and am developing."
html,HTML,"I create structured documents using HTML, ensuring semantic markup and accessibility."
css,CSS,"CSS is my tool for styling and layout, allowing me to create visually appealing and responsive designs."
scss,SCSS,"With SCSS, I write maintainable and modular styles, leveraging variables and mixins for efficiency."
js,JavaScript,"JavaScript powers my interactive web applications, enabling dynamic content and user engagement."
java,Java,"I use Java primarily for systems work and backend design — object-oriented precision and strong typing."
react,React,"React helps me build user interfaces with reusable components, enhancing development speed and maintainability."
data_analysis,Data Analysis,"I analyze data to extract insights and inform decision-making, using tools like Pandas and NumPy."
sql,SQL,"SQL is my language of choice for database management, allowing me to efficiently query and manipulate data."
game_design,Game Design,"I have a passion for game design, focusing on mechanics, storytelling, and user experience."
python,Python,"Python is my go-to for AI, data analysis, and quick scripting. I’ve used it with OpenCV, Flask, and ML frameworks."
machine_learning,Machine Learning,"I explore machine learning techniques to create intelligent systems that learn from data."
qa_qc,QA/QC,"Quality assurance and control are vital in my projects, ensuring reliability and performance."
agile,Agile,"Agile methodologies help me manage projects efficiently, focusing on iterative development and collaboration."
collaboration,Collaboration,"Collaboration is key in my work, as I often engage with cross-functional teams to achieve project goals."